{
  "tree_params": {
    "th2": {
      "max_depth": 3,
      "min_samples_leaf": 10,
      "ccp_alpha": 0.0,
      "leaf_thr": 0.5
    },
    "th8": {
      "max_depth": 4,
      "min_samples_leaf": 3,
      "ccp_alpha": 0.0,
      "leaf_thr": 0.5
    }
  },
  "shoulder_scale": 0.03,
  "reg_lambda": 0.3,
  "consequents": [
    1.9999999999999998,
    1.21985434330727,
    1.9999999999999998,
    7.091708522660902,
    6.032239752734733,
    6.18735260533049,
    19.89948049194123,
    16.711310924946837,
    14.512552099641729,
    19.65363321215036,
    12.377439790254671,
    9.73873131510951
  ],
  "used": [
    "De",
    "HCO3",
    "Qg",
    "e",
    "t_s",
    "u"
  ]
}